{
    "pv_premiums": 8734.284023764001,
    "pv_claims": 1401.2549470164267,
    "net_value": 7333.029076747574
}